Index,Commit URL,Type Name,Description,Memo,Agreement,Annotator Name,File Path,Start Line (Before),End Line (Before),Start Line (After),End Line (After)
56861c03-0f94-49b4-91aa-9ccc0310579f,https://github.com/rstudio/rstudio/commit/cb49e436b9d7ee55f2531ebc2ef1863f5c9ba9fe,Non-Refactoring,,,,Mont9165,,,,,
5615a9b4-e027-49d6-8587-29f91b68e0d6,https://github.com/C2SP/wycheproof/commit/ca5fdffb1ab659adbe474ff45b47cad6ed4aec11,Non-Refactoring,,,,niyaton,,,,,
6f805003-29cc-470e-a3be-551ae2244ead,https://github.com/agrestio/agrest/commit/48be2e3a3be51123a67aa8b39ad656a301fa7f1f,Any Refactoring,"これDiffがぐちゃぐちゃ過ぎて（タブをスペースに変えてるのが原因）分割がそもそもまともにできない．Afterの23行目のsetUp関数はImplicit Setupに該当するような気がするが．Before部分がないのでリファクタリングかどうか自信がない．
後は，class Xやclass Yの作成がMock Objectまたはライブラリの適用の逆のリファクタリング（ライブラリの非適用）リファクタリングに該当すると思います．",,,niyaton,,,,,
7d9acace-0ef0-4e2d-b46e-272422e173bf,https://github.com/liferay/liferay-blade-cli/commit/36f1e3b1f75dfae3e3d5a7554872d2a8fa5e32b6,Non-Refactoring,もともとあったのを再利用できるように修正？,,,Yutaro-Kashiwa,,,,,
7d9acace-0ef0-4e2d-b46e-272422e173bf,https://github.com/liferay/liferay-blade-cli/commit/36f1e3b1f75dfae3e3d5a7554872d2a8fa5e32b6,Any Refactoring,Delegated Setup(Creation method)とfinder methodの統合？，他にもさまざまありそう,,,Mont9165,,,,,
00dbb857-0bc2-4165-ae14-2b7c9b8eac1b,https://github.com/jdbi/jdbi/commit/ddfe1c0e7b00de18deae1731144df01b13597ffd,Any Refactoring,Spring4に変更？,,,Yutaro-Kashiwa,,,,,
00dbb857-0bc2-4165-ae14-2b7c9b8eac1b,https://github.com/jdbi/jdbi/commit/ddfe1c0e7b00de18deae1731144df01b13597ffd,Any Refactoring,spring4のバージョンアップによる変更,,,Mont9165,,,,,
9a506bf5-b455-4633-9ee7-dc9b1f586fbe,https://github.com/camunda/camunda/commit/bcac3afd956efe5e425fd87b4ae63cd64ea4d0b7,Non-Refactoring,,,,Yutaro-Kashiwa,,,,,
9a506bf5-b455-4633-9ee7-dc9b1f586fbe,https://github.com/camunda/camunda/commit/bcac3afd956efe5e425fd87b4ae63cd64ea4d0b7,Non-Refactoring,Move Methodなので無視？テストケースをシンプルにしている,,,Mont9165,,,,,
5a91a009-351d-4e22-9776-bb0bda7e8a52,https://github.com/dreamhead/moco/commit/15285f6465b0aad791fc28dde9e6f3614cbd8818,Any Refactoring,ExtractMethodをやめるのは何かのテストリファクタリングか？,,,Yutaro-Kashiwa,,,,,
5a91a009-351d-4e22-9776-bb0bda7e8a52,https://github.com/dreamhead/moco/commit/15285f6465b0aad791fc28dde9e6f3614cbd8818,Delegated Setup,,,,Mont9165,,,,,
5a91a009-351d-4e22-9776-bb0bda7e8a52,https://github.com/dreamhead/moco/commit/15285f6465b0aad791fc28dde9e6f3614cbd8818,Non-Refactoring,Custom Assertionを消している．,,,Mont9165,,,,,
e96ae133-76bf-4c56-a7bf-64441b739e93,https://github.com/hapifhir/hapi-hl7v2/commit/42db129f4354c441ab257ebdb142f1ab0a382497,Any Refactoring,"作業すると何故か重すぎる・・・MessageTypeRouterTest.javaは単にJUnitのバージョンを上げているだけ．
MCFとVCはShared Fixtureとして抽出されている．

buildSpecsを使ってる部分はParameterized Test",,,niyaton,,,,,
4a45363c-0028-4019-8317-9a275ba14e59,https://github.com/DataDog/java-dogstatsd-client/commit/dd154c51cec1bba55e2e051cb7e65999e9925b58,Non-Refactoring,,,,Yutaro-Kashiwa,,,,,
4a45363c-0028-4019-8317-9a275ba14e59,https://github.com/DataDog/java-dogstatsd-client/commit/dd154c51cec1bba55e2e051cb7e65999e9925b58,Delegated Setup,クラスを作って，その中に処理ごとのメソッドを作成,,,Mont9165,,,,,
647ead32-bdf2-41de-84a7-734cb8013d0e,https://github.com/confluence-publisher/confluence-publisher/commit/5a17d36af1459cae18bc582acd86711a782a7799,Non-Refactoring,,,,Yutaro-Kashiwa,,,,,
647ead32-bdf2-41de-84a7-734cb8013d0e,https://github.com/confluence-publisher/confluence-publisher/commit/5a17d36af1459cae18bc582acd86711a782a7799,Non-Refactoring,Rename Methodぐらい,,,Mont9165,,,,,
2b8d531e-9fd9-4f52-95f6-1fab9a2b542e,https://github.com/apache/parquet-java/commit/051725362f48c5b6490a15ae5241967a81b523f9,Non-Refactoring,General Refactoring,,,Yutaro-Kashiwa,,,,,
2b8d531e-9fd9-4f52-95f6-1fab9a2b542e,https://github.com/apache/parquet-java/commit/051725362f48c5b6490a15ae5241967a81b523f9,Non-Refactoring,Rename Method,,,Mont9165,,,,,
2ff3a643-6b83-4963-9577-cf0a9643e6b8,https://github.com/jboss-modules/jboss-modules/commit/25bfcd2c6cbe67d2dc52485b3a3e3569bda93bb0,Non-Refactoring,,,,Yutaro-Kashiwa,,,,,
2ff3a643-6b83-4963-9577-cf0a9643e6b8,https://github.com/jboss-modules/jboss-modules/commit/25bfcd2c6cbe67d2dc52485b3a3e3569bda93bb0,Non-Refactoring,引数を変えていて，非推奨のメソッドを使わないようにしているらしいが，その本体がないのでスキップ,,,Mont9165,,,,,
483f5b15-36b5-481d-b750-acfc929dd0eb,https://github.com/tronprotocol/java-tron/commit/781a5b03324a4c9845fdbfa1d176b3e57da304b5,Non-Refactoring,,,,Yutaro-Kashiwa,,,,,
483f5b15-36b5-481d-b750-acfc929dd0eb,https://github.com/tronprotocol/java-tron/commit/781a5b03324a4c9845fdbfa1d176b3e57da304b5,Non-Refactoring,コメントアウト外したのと，空白の整理,,,Mont9165,,,,,
21a51793-2db5-49df-afb0-c93c2099eaed,https://github.com/TeamNewPipe/NewPipe/commit/08949ee3475994cb32881651aec78614fa69e992,Non-Refactoring,,,,Yutaro-Kashiwa,,,,,
21a51793-2db5-49df-afb0-c93c2099eaed,https://github.com/TeamNewPipe/NewPipe/commit/08949ee3475994cb32881651aec78614fa69e992,Non-Refactoring,一般のリファクタリング,,,Mont9165,,,,,
33ed363a-7df1-47f0-93e3-d5aae52347d6,https://github.com/errai/errai/commit/eab61af8bfc2ddfd5757e7a16cacab11fea7be78,Non-Refactoring,普通のリファクタリング？,,,Yutaro-Kashiwa,,,,,
33ed363a-7df1-47f0-93e3-d5aae52347d6,https://github.com/errai/errai/commit/eab61af8bfc2ddfd5757e7a16cacab11fea7be78,Delegated Setup,,,,Mont9165,,,,,
33ed363a-7df1-47f0-93e3-d5aae52347d6,https://github.com/errai/errai/commit/eab61af8bfc2ddfd5757e7a16cacab11fea7be78,Delegated Setup,,,,Mont9165,,,,,
c26aa6b5-1d7b-470e-b348-c20ac51dc885,https://github.com/Tencent/TencentKona-17/commit/8452535d4937b26aa5318a8ca822acf5824be0c7,Non-Refactoring,テンプレートを使い出したから，ガラッと変わっている,,,Yutaro-Kashiwa,,,,,
c26aa6b5-1d7b-470e-b348-c20ac51dc885,https://github.com/Tencent/TencentKona-17/commit/8452535d4937b26aa5318a8ca822acf5824be0c7,Non-Refactoring,Creation Methodはありそう．そのほかはリファクタリングではない,,,Mont9165,,,,,
355ebeb9-f0a8-4f8b-8012-2335f073884e,https://github.com/google/ExoPlayer/commit/cce79a70402a231ff1ae6924ea75d59c5680e7b4,Non-Refactoring,Rename,,,Yutaro-Kashiwa,,,,,
355ebeb9-f0a8-4f8b-8012-2335f073884e,https://github.com/google/ExoPlayer/commit/cce79a70402a231ff1ae6924ea75d59c5680e7b4,Non-Refactoring,Rename Variable,,,Mont9165,,,,,
0952bce5-059d-47f1-b931-075e9160d6e6,https://github.com/thoughtworks/HeartBeat/commit/961170ee1baaac445429f04f3d74c2fd333c7755,Parameterized Test,,,,Yutaro-Kashiwa,,,,,
0952bce5-059d-47f1-b931-075e9160d6e6,https://github.com/thoughtworks/HeartBeat/commit/961170ee1baaac445429f04f3d74c2fd333c7755,Parameterized Test,,,,Mont9165,,,,,
c1008896-d75e-4bf8-84c1-09eca4803673,https://github.com/groovy/groovy-core/commit/96355e7db94f6684d22c43e590d743c49a321258,Non-Refactoring,,,,Yutaro-Kashiwa,,,,,
c1008896-d75e-4bf8-84c1-09eca4803673,https://github.com/groovy/groovy-core/commit/96355e7db94f6684d22c43e590d743c49a321258,Non-Refactoring,これは他のコミットで実施されたリファクタリングに対応するため，テストを調整,,,Mont9165,,,,,
741b6039-a5ba-4e02-a425-574bc4ba58fa,https://github.com/watson-developer-cloud/java-sdk/commit/30a2e0550280de3c518b5dca66fc3bf32509669d,Non-Refactoring,,,,Yutaro-Kashiwa,,,,,
741b6039-a5ba-4e02-a425-574bc4ba58fa,https://github.com/watson-developer-cloud/java-sdk/commit/30a2e0550280de3c518b5dca66fc3bf32509669d,Non-Refactoring,,,,Mont9165,,,,,
ac31ab8b-fd3f-44d9-986b-d66cdcf9ca4f,https://github.com/apache/paimon/commit/5adb553ad3d0146bcb4ffc10d87c88ca2a826a7f,Test Utility Method,,,,Yutaro-Kashiwa,,,,,
ac31ab8b-fd3f-44d9-986b-d66cdcf9ca4f,https://github.com/apache/paimon/commit/5adb553ad3d0146bcb4ffc10d87c88ca2a826a7f,Delegated Setup,,,,Mont9165,,,,,
994b7dda-6df5-4f2b-8efe-0153a623dcec,https://github.com/jdbi/jdbi/commit/1c6380ba0d96681cc40388dd562b016bd496f739,Any Refactoring,setUpやめるのはリファクタリング？,,,Yutaro-Kashiwa,,,,,
994b7dda-6df5-4f2b-8efe-0153a623dcec,https://github.com/jdbi/jdbi/commit/1c6380ba0d96681cc40388dd562b016bd496f739,Non-Refactoring,Rename Methodだけだと思うが，自動でやってそう,,,Mont9165,,,,,
f17f5e1f-dfd6-4568-97fb-5f48a5ed1e49,https://github.com/openmainframeproject/cobol-check/commit/6064fd92e3158478e9fcbedb1fb3a8170ca94f4e,Non-Refactoring,Rename,,,Yutaro-Kashiwa,,,,,
f17f5e1f-dfd6-4568-97fb-5f48a5ed1e49,https://github.com/openmainframeproject/cobol-check/commit/6064fd92e3158478e9fcbedb1fb3a8170ca94f4e,Non-Refactoring,Rename variable,,,Mont9165,,,,,
5283ec19-a586-4d69-96be-02871f9bfcdc,https://github.com/camunda/camunda/commit/a897401232f5e24d3cb0889c668acd5062297a84,Non-Refactoring,一般的なリファクタリング？,,,Yutaro-Kashiwa,,,,,
5283ec19-a586-4d69-96be-02871f9bfcdc,https://github.com/camunda/camunda/commit/a897401232f5e24d3cb0889c668acd5062297a84,Non-Refactoring,Test Refactoringだと思うが，詳細がわからないためスキップ,,,Mont9165,,,,,
44e029e8-f57c-45e9-904e-0d6cfbe0c49e,https://github.com/camunda/camunda/commit/f6ad2a4fd64931e0ec6ed975df3f44d1c22450e1,Split Test Method,DeParameterizedテストでもある,,,Yutaro-Kashiwa,,,,,
44e029e8-f57c-45e9-904e-0d6cfbe0c49e,https://github.com/camunda/camunda/commit/f6ad2a4fd64931e0ec6ed975df3f44d1c22450e1,Any Refactoring,Junit5へのバージョンアップ,,,Mont9165,,,,,
44e029e8-f57c-45e9-904e-0d6cfbe0c49e,https://github.com/camunda/camunda/commit/f6ad2a4fd64931e0ec6ed975df3f44d1c22450e1,Testcase Class,,,,Mont9165,,,,,
8ad5ccfb-b89d-4113-91e7-7efd1d3824b3,https://github.com/camunda/camunda/commit/45e12319e3c911128dfe87a1f478e2e7225604de,Non-Refactoring,,,,Yutaro-Kashiwa,,,,,
8ad5ccfb-b89d-4113-91e7-7efd1d3824b3,https://github.com/camunda/camunda/commit/45e12319e3c911128dfe87a1f478e2e7225604de,Non-Refactoring,rename method,,,Mont9165,,,,,
bb38d03f-102c-408c-b7b1-239328a341a4,https://github.com/zebrunner/carina/commit/b9f356ce31bac1c9bddf567429a12170cdbd4be3,Non-Refactoring,すでにあるのはリファクタリングから外す？,,,Yutaro-Kashiwa,,,,,
bb38d03f-102c-408c-b7b1-239328a341a4,https://github.com/zebrunner/carina/commit/b9f356ce31bac1c9bddf567429a12170cdbd4be3,Non-Refactoring,Creation methodを使っているが，その中身はコミットにない,,,Mont9165,,,,,
d5210190-112c-4402-bd92-87cae6ea4f5a,https://github.com/reposense/RepoSense/commit/019ab8ba1d3058e05f09d48f41d5ec51a9c40570,Split Test Method,,,,Yutaro-Kashiwa,,,,,
d5210190-112c-4402-bd92-87cae6ea4f5a,https://github.com/reposense/RepoSense/commit/019ab8ba1d3058e05f09d48f41d5ec51a9c40570,Non-Refactoring,失敗したテストを修正しているだけ,,,Mont9165,,,,,
efb14346-978d-4e3b-a16a-8334fb5a2b90,https://github.com/sergueik/selenium_cdp/commit/91b4c93aa08f626e3392e2eb43c04d97c7e0b310,Split Test Method,,,,Yutaro-Kashiwa,,,,,
efb14346-978d-4e3b-a16a-8334fb5a2b90,https://github.com/sergueik/selenium_cdp/commit/91b4c93aa08f626e3392e2eb43c04d97c7e0b310,Non-Refactoring,テストメソッド1を追加してるだけ,,,Mont9165,,,,,
2f987aa5-553c-4353-9a0b-12adb0928567,https://github.com/junit-team/junit4/commit/5976b1d40ef41cecafd9769dd8776a6e6610d0c5,Non-Refactoring,,,,Yutaro-Kashiwa,,,,,
2f987aa5-553c-4353-9a0b-12adb0928567,https://github.com/junit-team/junit4/commit/5976b1d40ef41cecafd9769dd8776a6e6610d0c5,Non-Refactoring,リファクタリングな気もするが，Delegated Methodか判断がつかない,,,Mont9165,,,,,
af43e6c5-e68f-4398-a82b-9c2bea6136ea,https://github.com/apache/hertzbeat/commit/f72cfa0dd80063f44d953dc6ab2023fad07dab87,Any Refactoring,NUMBER_OF_THREADSはテストリファクタリングか？,,,Yutaro-Kashiwa,,,,,
af43e6c5-e68f-4398-a82b-9c2bea6136ea,https://github.com/apache/hertzbeat/commit/f72cfa0dd80063f44d953dc6ab2023fad07dab87,Shared Fixture,,,,Mont9165,,,,,
383c4197-a51c-47b5-b0e4-ffbab69efe72,https://github.com/raydac/java-binary-block-parser/commit/3faacb797dd6e99a0e9d6ccf1e72baf45a4abed5,Non-Refactoring,,,,Yutaro-Kashiwa,,,,,
383c4197-a51c-47b5-b0e4-ffbab69efe72,https://github.com/raydac/java-binary-block-parser/commit/3faacb797dd6e99a0e9d6ccf1e72baf45a4abed5,Any Refactoring,アノテーションの位置を変えただけ？,,,Mont9165,,,,,
40eb4c92-6957-498c-bfb6-9ffb0480ac0b,https://github.com/camunda/camunda/commit/8f4daa06b1ed806f9d2e14f0ea286bebd64771a1,Non-Refactoring,,,,Yutaro-Kashiwa,,,,,
40eb4c92-6957-498c-bfb6-9ffb0480ac0b,https://github.com/camunda/camunda/commit/8f4daa06b1ed806f9d2e14f0ea286bebd64771a1,Non-Refactoring,ラムダ式の使用と他のメソッドを使用,,,Mont9165,,,,,
0a26ea33-d124-49e6-b2ba-f9da3664197a,https://github.com/b3dgs/lionengine/commit/649a57eca8fc3e0ca0b86fd6b7c0f2941e8bd234,Inline Setup,AudioFactoryTestとUtilConversionTestにSplitもあるが，データがデカくてChange Divisionできない,,,Yutaro-Kashiwa,,,,,
0a26ea33-d124-49e6-b2ba-f9da3664197a,https://github.com/b3dgs/lionengine/commit/649a57eca8fc3e0ca0b86fd6b7c0f2941e8bd234,Split Test Method,テストメソッドの分割,,,Mont9165,,,,,
ac43779c-1ab7-49a4-ba63-1233fa754d67,https://github.com/AICP/frameworks_base/commit/93702abf6e9a87079e81c46c82d8c3954a426759,Implicit Setup,,,,Mont9165,,,,,
ac43779c-1ab7-49a4-ba63-1233fa754d67,https://github.com/AICP/frameworks_base/commit/93702abf6e9a87079e81c46c82d8c3954a426759,Implicit Setup,,,,Mont9165,,,,,
ac43779c-1ab7-49a4-ba63-1233fa754d67,https://github.com/AICP/frameworks_base/commit/93702abf6e9a87079e81c46c82d8c3954a426759,Custom Assertion,,,,Mont9165,,,,,
ac43779c-1ab7-49a4-ba63-1233fa754d67,https://github.com/AICP/frameworks_base/commit/93702abf6e9a87079e81c46c82d8c3954a426759,Shared Fixture,,,,Mont9165,,,,,
c946cb17-f2ee-4df3-bbc5-a492d27e9e2a,https://github.com/hyphanet/fred/commit/2e68720627ae6447ba12d712a9e6e4a123e66b95,Test Helper,,,,Mont9165,,,,,
c946cb17-f2ee-4df3-bbc5-a492d27e9e2a,https://github.com/hyphanet/fred/commit/2e68720627ae6447ba12d712a9e6e4a123e66b95,Implicit Setup,,,,Mont9165,,,,,
8f4310e5-6de9-46e9-8abf-8f2d24180dc1,https://github.com/camunda/zeebe-process-test/commit/a626ee3f81b2043e54d5967c582e92a39aa340a8,Any Refactoring,EMBEDDED_CLASSESとTESTCONTAINER_CLASSESをCLASSESに統合してる．,,,Mont9165,,,,,
eb5bb02f-24c8-40aa-a734-8a1697a3f12a,https://github.com/camunda/camunda/commit/92eba248021bbeaa7afc16c18e315da5e5d55d00,Any Refactoring,flaky testを避けるためにawaitを入れている，これはリファクタリングではない気がするけど分からない,,,Mont9165,,,,,
4277ce69-71d5-49e6-9ce3-2341a5fe1ac1,https://github.com/arianne/stendhal/commit/6d30072ed40343b82d3056257171b8aeea755a72,Non-Refactoring,"すでに，user, charがあれば，それを消してから，再度データを作成するようにしている（Inline setup or 普通に処理の変更？）また，assertを追加している",,,Mont9165,,,,,
81f2c932-8060-4665-9290-bb8da792dbcd,https://github.com/apache/karaf/commit/100420f757c2bd6fe00a8d28c14a1388d665b8fe,Assert Throw,,,,Mont9165,,,,,
68b5c324-f2b7-4fb9-9694-6f8f13f8ce71,https://github.com/apache/openjpa/commit/5b7c20eacb99d974a48fcb6bc585ef6fd9f671d5,Delegated Setup,Creation Methodを使って，ハードコードを消してる,,,Mont9165,,,,,
e3c79919-4db5-45db-8608-4ef433e467a7,https://github.com/Yubico/yubikit-android/commit/df6326d29147b485207f305621d1afaf29935f0e,Any Refactoring,@RunWith(Enclosed.class)を使用して，構造的にテストクラスを作成してる（JUnit実践入門にも載ってた）,,,Mont9165,,,,,
c923938b-e98c-4afb-9114-c7c73282336e,https://github.com/commercetools/commercetools-sync-java/commit/da43fbb95db02ca35e447b9b8782c1ee46a174d0,Non-Refactoring,使用するメソッドを変更？,,,Mont9165,,,,,
e983e3a5-a70e-4c64-9f22-f2c6250bb40f,https://github.com/b3dgs/lionengine/commit/2f7245c77be2fb7cee0fdbf0b9ac09be1e0fbd49,Non-Refactoring,テストメソッド削除してるだけ,,,Mont9165,,,,,
f6613161-f59d-473a-94d1-f7b21e757148,https://github.com/commercetools/commercetools-sync-java/commit/3f3cc8cf4212932fbdaf89844efd3b13ef61ea51,Non-Refactoring,Importを変更しただけ，あとassertionを追加してる,,,Mont9165,,,,,
104dc8ae-2048-4fe8-9d29-36c1455b1b76,https://github.com/jMetal/jMetal/commit/50758e9b1ce75481dbb6f24abde08ec7ec66b346,Assert Throw,,,,Mont9165,,,,,
e8428dee-5e7d-44da-be1a-de68f8a28127,https://github.com/kousen/java_latest/commit/a826f54461a97b6859605e8a528f321785ae5ac9,Assert All,Split Test methodもやってる,,,Mont9165,,,,,
f3adf7ba-6ae8-4e9f-b939-863bd24e9562,https://github.com/jenkinsci/workflow-durable-task-step-plugin/commit/537e864aae80f3dd49e37f5528f81980013743a1,Delegated Setup,,,,Mont9165,,,,,
f3adf7ba-6ae8-4e9f-b939-863bd24e9562,https://github.com/jenkinsci/workflow-durable-task-step-plugin/commit/537e864aae80f3dd49e37f5528f81980013743a1,Any Refactoring,119行目からのCreate MethodがDelegated Setupに当たる気もするが，コミット前後で処理が異なると感じた,,,Mont9165,,,,,
97204f95-894c-4875-a4f9-98054f26e173,https://github.com/locationtech/jts/commit/78feb6c98c332eb1d1c6da2c584bbc51aae47dc7,Testcase Class,,,,Mont9165,,,,,
c65c19c6-aeae-4e76-96ee-915dd80ea34f,https://github.com/camunda/camunda/commit/8ca8e32882bd2d456dda926ce2ab6559ded0bd73,Non-Refactoring,テストメソッドを削除，またIgnoreを追加,,,Mont9165,,,,,
bdb90604-3229-48b5-be35-8f2970824cbc,https://github.com/b3dgs/lionengine/commit/15c0bb0215a2b5827855ef29444a3f8185d3811b,Any Refactoring,すべてJUnit4からJUnit5への移行（これをリファクタリングと言ってた，意外とバージョンアップもリファクタリングの一種なのかも,,,Mont9165,,,,,
f00f52d7-5c6c-4040-b320-f2bc3bc344fe,https://github.com/cassandre-tech/cassandre-trading-bot/commit/437cbf06ffd199922eae8c2ed092de93647461d5,Non-Refactoring,sleep timeを60から90に変化させている．,,,Mont9165,,,,,
d2d48d8c-79dd-499d-89d7-5f6042f10d39,https://github.com/blackducksoftware/detect/commit/327a4dfaba25c514460dc14a2fe33e12ad4649fa,Non-Refactoring,rename,,,Mont9165,,,,,
c16dc1e8-fca6-4742-99aa-1c63bad399fd,https://github.com/Consensys/tessera/commit/de2696e6a8f9656d99399fb45063ff4f95cb63bc,Any Refactoring,TemporaryFolderを使うように変更,,,Mont9165,,,,,
c16dc1e8-fca6-4742-99aa-1c63bad399fd,https://github.com/Consensys/tessera/commit/de2696e6a8f9656d99399fb45063ff4f95cb63bc,Implicit Teardown,,,,Mont9165,,,,,
c16dc1e8-fca6-4742-99aa-1c63bad399fd,https://github.com/Consensys/tessera/commit/de2696e6a8f9656d99399fb45063ff4f95cb63bc,Implicit Setup,,,,Mont9165,,,,,
c16dc1e8-fca6-4742-99aa-1c63bad399fd,https://github.com/Consensys/tessera/commit/de2696e6a8f9656d99399fb45063ff4f95cb63bc,Automated Teardown,,,,Mont9165,,,,,
2b3c4507-5af4-41bd-85c0-6228c2bc6161,https://github.com/FlowCI/flow-core-x/commit/3d87d7fd4dffcd91e3da170689c7577f2e393a81,Delegated Setup,,,,Mont9165,,,,,
4f68cb84-7813-4677-bdc2-0a813f0581f3,https://github.com/FasterXML/jackson-modules-java8/commit/8c3d032fb564148c39b5fdf1cdd6e314e6af1cb5,Any Refactoring,Custom Asssertionの削除,,,Mont9165,,,,,
4f68cb84-7813-4677-bdc2-0a813f0581f3,https://github.com/FasterXML/jackson-modules-java8/commit/8c3d032fb564148c39b5fdf1cdd6e314e6af1cb5,Any Refactoring,Merge Test Method,,,Mont9165,,,,,
dc3099f6-50e1-4474-b64c-789bb59d3a0d,https://github.com/virtualsatellite/VirtualSatellite4-Core/commit/fa78cb24126fb9d10fc7299210e835c4e2335577,Any Refactoring,,,,Mont9165,,,,,
fa70e7b2-198b-43a9-8591-6e24100f1c32,https://github.com/NitorCreations/nflow/commit/39a2a85f995c83c658c173898783217be849bf86,Non-Refactoring,ほかは普通のリファクタリング,,,Mont9165,,,,,
fa70e7b2-198b-43a9-8591-6e24100f1c32,https://github.com/NitorCreations/nflow/commit/39a2a85f995c83c658c173898783217be849bf86,Custom Assertion,,,,Mont9165,,,,,
4000963b-78b3-4e5f-8990-8b98670225ad,https://github.com/thoughtworks/HeartBeat/commit/40de27abf7a31466788e25a2350a88216f687eb7,Non-Refactoring,ただの修正,,,Mont9165,,,,,
ceb77f98-77aa-4e21-8d3d-db0efba80a50,https://github.com/release-engineering/pom-manipulation-ext/commit/a6ea809c30ef967f46ff71b7ab71dab97e4b1475,Non-Refactoring,非推奨になることを明記，またメソッドを分けて，処理を呼び出すメソッドと処理本体のメソッドを分けている,,,Mont9165,,,,,
ceb77f98-77aa-4e21-8d3d-db0efba80a50,https://github.com/release-engineering/pom-manipulation-ext/commit/a6ea809c30ef967f46ff71b7ab71dab97e4b1475,Test Helper,,,,Mont9165,,,,,
9bc45732-aad1-4a25-b6cc-a54971d74001,https://github.com/C2SP/wycheproof/commit/9c334080213a46b5f59c50b43909c6121e6dcb2d,Non-Refactoring,テストを追加したり，コメントを拡充してる,,,Mont9165,,,,,
f57e7ddb-af45-42df-96c8-190ca411211a,https://github.com/commercetools/commercetools-sync-java/commit/b9ac161df8dce50dcd65f093403013be0463cc3d,Non-Refactoring,TODOされたテストの追加，修飾子の変更,,,Mont9165,,,,,
2b0c698b-10bd-4477-8913-e72d30e57443,https://github.com/b3dgs/lionengine/commit/713e83096063d7b2c1f6fe2c9ce4469d84839efe,Non-Refactoring,,,,Mont9165,,,,,
2b0c698b-10bd-4477-8913-e72d30e57443,https://github.com/b3dgs/lionengine/commit/713e83096063d7b2c1f6fe2c9ce4469d84839efe,Any Refactoring,Junit4からJUnit5へのバージョンアップ，また依存性の削除,,,Mont9165,,,,,
991d567f-adab-4a42-bc2b-9a30de5eed54,https://github.com/alexprut/design-patterns-java/commit/2e8833b47eec7ad31f46a55456cccb269528414c,Non-Refactoring,チュートリアルリポジトリなのでスキップ,,,Mont9165,,,,,
6fca2c3c-e365-495b-9b5c-7ffb50a96e45,https://github.com/jcabi/jcabi-email/commit/7e7360f24b828bde1786f6ddd68ef1f48dffb223,Any Refactoring,Mockitoを使わなくなっている,,,Mont9165,,,,,
58852a43-3b41-4331-8eb8-d68ffc41845e,https://github.com/jenkinsci/remoting/commit/ffb771d86a6b593b5dca95940947527c53810c93,Inline Setup,setUpのannotationを外して全部Inline呼び出ししてるのはなんなんだ・・・？Inline Setupでいいのか？,,,niyaton,,,,,
58852a43-3b41-4331-8eb8-d68ffc41845e,https://github.com/jenkinsci/remoting/commit/ffb771d86a6b593b5dca95940947527c53810c93,Any Refactoring,UnShared Fixtureみたいなやつ．,,,niyaton,,,,,
1af76f25-72ab-4dd1-8f50-768da2f3b21f,https://github.com/ldbc/ldbc_snb_interactive_v1_impls/commit/b673a0e26122dbea1d7f44b22ed78b6d74a3ed00,Split Test Method,一杯あるのでタグづけしないですが一杯分割されている．,,,niyaton,,,,,
1af76f25-72ab-4dd1-8f50-768da2f3b21f,https://github.com/ldbc/ldbc_snb_interactive_v1_impls/commit/b673a0e26122dbea1d7f44b22ed78b6d74a3ed00,Non-Refactoring,いつもの切れ端なので無視してください．,,,niyaton,,,,,
1af76f25-72ab-4dd1-8f50-768da2f3b21f,https://github.com/ldbc/ldbc_snb_interactive_v1_impls/commit/b673a0e26122dbea1d7f44b22ed78b6d74a3ed00,Implicit Teardown,元の処理は派生しているクラスで書かれている．,,,niyaton,,,,,
1af76f25-72ab-4dd1-8f50-768da2f3b21f,https://github.com/ldbc/ldbc_snb_interactive_v1_impls/commit/b673a0e26122dbea1d7f44b22ed78b6d74a3ed00,Implicit Setup,,,,niyaton,,,,,
d58cfcb8-d22a-409d-96ed-9e6db59d12be,https://github.com/Tencent/TencentKona-11/commit/832d68597ec6af94bc870a22410d1be95eb2bfa5,Non-Refactoring,,,,niyaton,,,,,
7034db64-b9bb-4372-8e90-9ad164edd66e,https://github.com/remkop/picocli/commit/47cf9235a60ceddc8e583a4fd25b64aaae0d70ab,Non-Refactoring,,,,niyaton,,,,,
db6503ec-519c-4b96-bc4e-bd3994899e54,https://github.com/FasterXML/jackson-dataformats-text/commit/ea850727af5f84fc2fe706e3ca8d009aeb1f27dc,Shared Fixture,,,,niyaton,,,,,
db6503ec-519c-4b96-bc4e-bd3994899e54,https://github.com/FasterXML/jackson-dataformats-text/commit/ea850727af5f84fc2fe706e3ca8d009aeb1f27dc,Shared Fixture,,,,niyaton,,,,,
01c77936-88b7-490a-a914-6f81b2d2f75d,https://github.com/virtualsatellite/VirtualSatellite4-Core/commit/0832ee2b376b0516dcd23de296d4afaa15a42dec,Testcase Superclass,すごく自信がないがAProjectTestCaseがそうな気がする．,,,niyaton,,,,,
f6c8b491-684f-454a-ae38-6069a1d1a868,https://github.com/vt-middleware/passay/commit/1efb5b8f571b5a0889892f23a122afac15120115,Any Refactoring,Un Shared Fixture的なのをひたすらやっている・・・,,,niyaton,,,,,
ec4d560b-f39c-4d6a-b529-71c426d89eee,https://github.com/PixelExperience/frameworks_base/commit/38f298d4fb8cf0ce8c9885748aad4c79d8bf89b3,Any Refactoring,ライブラリか，別のタイミングで作ったテストUtilityを使ってリファクタリングをしているのは分かるが何かしらのリファクタリングパターンとして分類するのは難しい．,,,niyaton,,,,,
86b183d7-2128-40d5-a94c-90133848e277,https://github.com/confluentinc/kafka-connect-storage-cloud/commit/e4745b751e9d0d65f4120e3a5fc2c0e0f97ad6da,Non-Refactoring,無視してください．,,,niyaton,,,,,
86b183d7-2128-40d5-a94c-90133848e277,https://github.com/confluentinc/kafka-connect-storage-cloud/commit/e4745b751e9d0d65f4120e3a5fc2c0e0f97ad6da,Custom Assertion,,,,niyaton,,,,,
86b183d7-2128-40d5-a94c-90133848e277,https://github.com/confluentinc/kafka-connect-storage-cloud/commit/e4745b751e9d0d65f4120e3a5fc2c0e0f97ad6da,Implicit Setup,既にsetupがあるところに処理を持って来るのもimplicit setupとした．,,,niyaton,,,,,
86b183d7-2128-40d5-a94c-90133848e277,https://github.com/confluentinc/kafka-connect-storage-cloud/commit/e4745b751e9d0d65f4120e3a5fc2c0e0f97ad6da,Creation Method,createRecords（2つ）,,,niyaton,,,,,
4d587ee8-9f03-4281-90da-8efdaf223663,https://github.com/AdoptOpenJDK/jitwatch/commit/7788103ee76fde8751ccbe5adc03855c89ef4bdc,Any Refactoring,static化して高速化？,,,niyaton,,,,,
419ede40-2edf-4bd8-b56f-7f3f2ea73688,https://github.com/Baqend/Orestes-Bloomfilter/commit/a855f91f954e46802ca342bcdd57ae2a0b7644a2,Non-Refactoring,テストの挙動が変わっている,,,niyaton,,,,,
7935e507-d2d9-4141-80c8-debec4ae36ca,https://github.com/TEAMMATES/teammates/commit/18f1b3459f80eae83fbf15ba0096d4f0836182d4,Non-Refactoring,何かリファクタリングしてそうだがBaseComponentTestCaseクラスで，このコミットにはないためスキップ,,,Mont9165,,,,,
f7d38a22-115b-4634-a632-9bbba64e71f2,https://github.com/prmr/JetUML/commit/5dbebf84e65eacfac0fee980ff742e5365eb5a3d,Any Refactoring,呼び出しのところのリファクタリングな気がする,,,Mont9165,,,,,
5cd7566a-47a0-410d-9ab5-6aea77ab5948,https://github.com/wizzardo/webery/commit/ddb836c34d5ce087d2ab3688fef402dce85ebfbc,Any Refactoring,,,,Mont9165,,,,,
3969c814-4d1d-4db0-af35-a64569b3419f,https://github.com/mysql/mysql-connector-j/commit/cdb16c08c9347634161aafb86342fa2a31288e13,Non-Refactoring,,,,niyaton,,,,,
