Commit URL,Type Name,Description,Memo,Agreement,Annotator Name,path,Start Line (Before),End Line (Before),Start Line (After),End Line (After)
https://github.com/Taskana/taskana/commit/897b469aeb6f9d9dd17e2a2069ce574c10e5e4cb,Assertion Message,,,,Mont9165,lib/taskana-core-test/src/test/java/acceptance/ArchitectureTest.java,558,559,558,559
https://github.com/Taskana/taskana/commit/897b469aeb6f9d9dd17e2a2069ce574c10e5e4cb,Assertion Message,,,,Mont9165,lib/taskana-core-test/src/test/java/acceptance/ArchitectureTest.java,560,561,560,561
https://github.com/bootique/bootique/commit/798af649d2f09983ce73d06b74f09b67ed1b8ef1,Creation Method,,,,Mont9165,src/test/java/com/nhl/bootique/config/YamlConfigurationFactoryTest.java,61,71,39,50
https://github.com/bootique/bootique/commit/798af649d2f09983ce73d06b74f09b67ed1b8ef1,Creation Method,,,,Mont9165,src/test/java/com/nhl/bootique/config/YamlConfigurationFactoryTest.java,80,91,63,64
https://github.com/bootique/bootique/commit/798af649d2f09983ce73d06b74f09b67ed1b8ef1,Creation Method,,,,Mont9165,src/test/java/com/nhl/bootique/config/YamlConfigurationFactoryTest.java,100,110,72,73
https://github.com/bootique/bootique/commit/798af649d2f09983ce73d06b74f09b67ed1b8ef1,Creation Method,,,,Mont9165,src/test/java/com/nhl/bootique/config/YamlConfigurationFactoryTest.java,118,129,81,82
https://github.com/bootique/bootique/commit/798af649d2f09983ce73d06b74f09b67ed1b8ef1,Creation Method,,,,Mont9165,src/test/java/com/nhl/bootique/config/YamlConfigurationFactoryTest.java,147,157,89,90
https://github.com/bootique/bootique/commit/798af649d2f09983ce73d06b74f09b67ed1b8ef1,Creation Method,,,,Mont9165,src/test/java/com/nhl/bootique/config/YamlConfigurationFactoryTest.java,175,185,107,108
https://github.com/bootique/bootique/commit/798af649d2f09983ce73d06b74f09b67ed1b8ef1,Creation Method,,,,Mont9165,src/test/java/com/nhl/bootique/config/YamlConfigurationFactoryTest.java,194,205,125,126
https://github.com/bootique/bootique/commit/798af649d2f09983ce73d06b74f09b67ed1b8ef1,Creation Method,,,,Mont9165,src/test/java/com/nhl/bootique/config/YamlConfigurationFactoryTest.java,215,226,134,135
https://github.com/bootique/bootique/commit/798af649d2f09983ce73d06b74f09b67ed1b8ef1,Creation Method,,,,Mont9165,src/test/java/com/nhl/bootique/config/YamlConfigurationFactoryTest.java,244,256,145,146
https://github.com/bootique/bootique/commit/798af649d2f09983ce73d06b74f09b67ed1b8ef1,Creation Method,,,,Mont9165,src/test/java/com/nhl/bootique/config/YamlConfigurationFactoryTest.java,265,276,163,164
https://github.com/camunda/camunda/commit/2d2159118c4c85d0a5f0ad951558d2a90f84c9f3,Testcase Class,,,,Mont9165,engine/src/test/java/io/camunda/zeebe/engine/processing/processinstance/ModifyProcessInstanceTest.java,492,518,1,56
https://github.com/blackducksoftware/synopsys-detect/commit/238654e810ea9cf34d8bec2cac683d9cc5d3ebad,Lambdarize Method,,,,Mont9165,detectable/src/test/java/com/synopsys/integration/detectable/detectables/cpan/functional/CpanCliDetectableTest.java,71,85,69,70
https://github.com/GoSimpleLLC/nbvcxz/commit/b2cbc3abeb148fe6c07b96607cc143b8928c4808,Parameterized Test,,,,Mont9165,src/test/java/me/gosimple/nbvcxz/NbvcxzTest.java,39,77,38,52
https://github.com/GoSimpleLLC/nbvcxz/commit/b2cbc3abeb148fe6c07b96607cc143b8928c4808,Parameterized Test,,,,Mont9165,src/test/java/me/gosimple/nbvcxz/NbvcxzTest.java,93,188,68,102
https://github.com/restx/restx/commit/92bd155e239e44e73d42e8ceba1acd3d7e1d3929,Parameterized Test,,,,Mont9165,restx-core-annotation-processor/src/test/java/restx/annotations/processor/TypeHelperTest.java,14,26,39,40
https://github.com/unclebob/fitnesse/commit/5990a0de28106fce1c47be9c10060f215c89c6a6,Creation Method,,,,Mont9165,test/fit/FixtureTest.java,122,128,135,143
https://github.com/unclebob/fitnesse/commit/5990a0de28106fce1c47be9c10060f215c89c6a6,Creation Method,,,,Mont9165,test/fit/FixtureTest.java,132,134,129,130
https://github.com/unclebob/fitnesse/commit/5990a0de28106fce1c47be9c10060f215c89c6a6,Creation Method,,,,Mont9165,test/fit/FixtureTest.java,136,139,126,127
https://github.com/oskariorg/oskari-server/commit/62dd73e6c20fad1be85bd17d69e5d5a03db5204d,Inline Setup,,,,Mont9165,service-map/src/test/java/fi/nls/oskari/map/view/util/ViewHelperTest.java,111,115,51,52
https://github.com/oskariorg/oskari-server/commit/62dd73e6c20fad1be85bd17d69e5d5a03db5204d,Inline Setup,,,,Mont9165,service-map/src/test/java/fi/nls/oskari/map/view/util/ViewHelperTest.java,73,74,74,75
https://github.com/aaberg/sql2o/commit/e6a0781491c06b6a2ea52bd4ea97649497cbdf7a,Testcase SuperClass,,,,Mont9165,core/src/test/java/org/sql2o/Sql2oTest.java,38,83,1,64
https://github.com/bmwcarit/joynr/commit/fbc436acfaa6e7aeba393e8e33e93076779eae83,Creation Method,,,,Mont9165,java/core/libjoynr/src/test/java/io/joynr/capabilities/GlobalCapabilitiesDirectoryClientTest.java,108,116,108,109
https://github.com/bmwcarit/joynr/commit/fbc436acfaa6e7aeba393e8e33e93076779eae83,Implicit Setup,,,,Mont9165,java/core/libjoynr/src/test/java/io/joynr/capabilities/GlobalCapabilitiesDirectoryClientTest.java,117,124,116,120
https://github.com/tracecompass/tracecompass/commit/1d1befc592e6657ebc51d71380f49e7e9657cdfc,Assertion Message,,,,Mont9165,tmf/org.eclipse.tracecompass.tmf.ui.tests/src/org/eclipse/tracecompass/tmf/ui/tests/markers/ConfigurableMarkerEventSourceTest.java,250,255,250,256
https://github.com/tracecompass/tracecompass/commit/1d1befc592e6657ebc51d71380f49e7e9657cdfc,Assertion Message,,,,Mont9165,tmf/org.eclipse.tracecompass.tmf.ui.tests/src/org/eclipse/tracecompass/tmf/ui/tests/markers/PeriodicMarkerEventSourceTest.java,213,218,209,210
https://github.com/tracecompass/tracecompass/commit/1d1befc592e6657ebc51d71380f49e7e9657cdfc,Assertion Message,,,,Mont9165,tmf/org.eclipse.tracecompass.tmf.ui.tests/src/org/eclipse/tracecompass/tmf/ui/tests/markers/PeriodicMarkerEventSourceTest.java,209,210,213,219
https://github.com/tracecompass/tracecompass/commit/1d1befc592e6657ebc51d71380f49e7e9657cdfc,Cleanup Method,,,,Mont9165,tmf/org.eclipse.tracecompass.tmf.ui.tests/src/org/eclipse/tracecompass/tmf/ui/tests/markers/ConfigurableMarkerEventSourceTest.java,255,256,137,146
https://github.com/tracecompass/tracecompass/commit/1d1befc592e6657ebc51d71380f49e7e9657cdfc,Split Test Method,,,,Mont9165,tmf/org.eclipse.tracecompass.tmf.ui.tests/src/org/eclipse/tracecompass/tmf/ui/tests/markers/ConfigurableMarkerEventSourceTest.java,152,280,156,186
https://github.com/camunda/camunda/commit/a95a7b83a22259094916624d826c92853d4d181f,Custom Assertion,,,,Mont9165,engine/src/test/java/io/camunda/zeebe/engine/processing/processinstance/ModifyProcessInstanceTest.java,212,219,425,435
https://github.com/camunda/camunda/commit/a95a7b83a22259094916624d826c92853d4d181f,Custom Assertion,,,,Mont9165,engine/src/test/java/io/camunda/zeebe/engine/processing/processinstance/ModifyProcessInstanceTest.java,350,357,212,213
https://github.com/camunda/camunda/commit/a95a7b83a22259094916624d826c92853d4d181f,Custom Assertion,,,,Mont9165,engine/src/test/java/io/camunda/zeebe/engine/processing/processinstance/ModifyProcessInstanceTest.java,165,174,165,166
https://github.com/apache/directory-studio/commit/a1deb8718f10388bebb5fd42f47e58c4ef4d2b8c,Shared Fixture,,,,Mont9165,tests/test.integration.ui/src/main/java/org/apache/directory/studio/test/integration/ui/ValueEditorTest.java,70,72,62,63
https://github.com/apache/directory-studio/commit/a1deb8718f10388bebb5fd42f47e58c4ef4d2b8c,Shared Fixture,,,,Mont9165,tests/test.integration.ui/src/main/java/org/apache/directory/studio/test/integration/ui/ValueEditorTest.java,75,263,63,64
https://github.com/PixelExperience/frameworks_base/commit/35e0df59db72e90cce5f3488b2057c3e92e9b37a,Assertion Message,,,,Mont9165,packages/SettingsLib/tests/robotests/src/com/android/settingslib/MobileNetworkTypeIconsTest.java,50,51,50,51
https://github.com/tink-crypto/tink/commit/99e12731b8e1cf3007aa4b48b7a2a9b7356fa10d,Split Test Method,,,,Mont9165,java_src/src/test/java/com/google/crypto/tink/subtle/RewindableReadableByteChannelTest.java,336,384,335,348
https://github.com/tink-crypto/tink/commit/99e12731b8e1cf3007aa4b48b7a2a9b7356fa10d,Split Test Method,,,,Mont9165,java_src/src/test/java/com/google/crypto/tink/subtle/RewindableReadableByteChannelTest.java,377,450,374,388
https://github.com/NitorCreations/nflow/commit/93bfe876883757838d27e456572cca6fbce7a4ec,Custom Assertion,,,,Mont9165,nflow-tests/src/test/java/io/nflow/tests/BulkWorkflowTest.java,67,74,109,117
https://github.com/AICP/frameworks_base/commit/2fc27ebaec26afd1537499c972ddbaa724886817,Change Assertion Type,,,,Mont9165,services/tests/servicestests/src/com/android/server/pm/UserManagerTest.java,119,120,119,120
https://github.com/AICP/frameworks_base/commit/2fc27ebaec26afd1537499c972ddbaa724886817,Change Assertion Type,,,,Mont9165,services/tests/servicestests/src/com/android/server/pm/UserManagerTest.java,125,126,125,126
https://github.com/AICP/frameworks_base/commit/2fc27ebaec26afd1537499c972ddbaa724886817,Change Assertion Type,,,,Mont9165,services/tests/servicestests/src/com/android/server/pm/UserManagerTest.java,136,137,136,138
https://github.com/AICP/frameworks_base/commit/2fc27ebaec26afd1537499c972ddbaa724886817,Change Assertion Type,,,,Mont9165,services/tests/servicestests/src/com/android/server/pm/UserManagerTest.java,140,140,141,141
https://github.com/AICP/frameworks_base/commit/2fc27ebaec26afd1537499c972ddbaa724886817,Change Assertion Type,,,,Mont9165,services/tests/servicestests/src/com/android/server/pm/UserManagerTest.java,148,148,149,149
https://github.com/AICP/frameworks_base/commit/2fc27ebaec26afd1537499c972ddbaa724886817,Change Assertion Type,,,,Mont9165,services/tests/servicestests/src/com/android/server/pm/UserManagerTest.java,149,149,150,150
https://github.com/AICP/frameworks_base/commit/2fc27ebaec26afd1537499c972ddbaa724886817,Change Assertion Type,,,,Mont9165,services/tests/servicestests/src/com/android/server/pm/UserManagerTest.java,150,151,152,152
https://github.com/AICP/frameworks_base/commit/2fc27ebaec26afd1537499c972ddbaa724886817,Change Assertion Type,,,,Mont9165,services/tests/servicestests/src/com/android/server/pm/UserManagerTest.java,152,152,153,153
https://github.com/AICP/frameworks_base/commit/2fc27ebaec26afd1537499c972ddbaa724886817,Change Assertion Type,,,,Mont9165,services/tests/servicestests/src/com/android/server/pm/UserManagerTest.java,153,153,154,154
https://github.com/AICP/frameworks_base/commit/2fc27ebaec26afd1537499c972ddbaa724886817,Change Assertion Type,,,,Mont9165,services/tests/servicestests/src/com/android/server/pm/UserManagerTest.java,161,161,162,162
https://github.com/AICP/frameworks_base/commit/2fc27ebaec26afd1537499c972ddbaa724886817,Change Assertion Type,,,,Mont9165,services/tests/servicestests/src/com/android/server/pm/UserManagerTest.java,184,184,185,185
https://github.com/AICP/frameworks_base/commit/2fc27ebaec26afd1537499c972ddbaa724886817,Change Assertion Type,,,,Mont9165,services/tests/servicestests/src/com/android/server/pm/UserManagerTest.java,232,235,233,235
https://github.com/AICP/frameworks_base/commit/2fc27ebaec26afd1537499c972ddbaa724886817,Change Assertion Type,,,,Mont9165,services/tests/servicestests/src/com/android/server/pm/UserManagerTest.java,246,247,246,247
https://github.com/AICP/frameworks_base/commit/2fc27ebaec26afd1537499c972ddbaa724886817,Change Assertion Type,,,,Mont9165,services/tests/servicestests/src/com/android/server/pm/UserManagerTest.java,248,250,248,250
https://github.com/AICP/frameworks_base/commit/2fc27ebaec26afd1537499c972ddbaa724886817,Change Assertion Type,,,,Mont9165,services/tests/servicestests/src/com/android/server/pm/UserManagerTest.java,258,259,258,259
https://github.com/AICP/frameworks_base/commit/2fc27ebaec26afd1537499c972ddbaa724886817,Change Assertion Type,,,,Mont9165,services/tests/servicestests/src/com/android/server/pm/UserManagerTest.java,260,261,260,261
https://github.com/AICP/frameworks_base/commit/2fc27ebaec26afd1537499c972ddbaa724886817,Change Assertion Type,,,,Mont9165,services/tests/servicestests/src/com/android/server/pm/UserManagerTest.java,267,268,267,268
https://github.com/AICP/frameworks_base/commit/2fc27ebaec26afd1537499c972ddbaa724886817,Change Assertion Type,,,,Mont9165,services/tests/servicestests/src/com/android/server/pm/UserManagerTest.java,273,274,273,274
https://github.com/blackducksoftware/synopsys-detect/commit/8b024d4ea6d589e501ecc7ab7249dece2b56a0a0,Split Test Method,,,,Mont9165,detectable/src/test/java/com/synopsys/integration/detectable/detectables/npm/cli/unit/NpmDependencyTypeFilterTest.java,53,93,54,85
https://github.com/matteobaccan/owner/commit/109e8425e849896c2a5897575fa73dcbcd1dbaf3,Test Helper,,,,Mont9165,src/test/java/org/aeonbits/owner/UtilTest.java,74,74,79,81
https://github.com/PixelExperience/frameworks_base/commit/52cb2e1571107210d94666164641ddb95dbd4839,Mock Object,,,,Mont9165,tests/net/java/com/android/server/net/NetworkStatsServiceTest.java,198,199,187,200
https://github.com/Taskana/taskana/commit/897b469aeb6f9d9dd17e2a2069ce574c10e5e4cb,Assertion Message,,,,Mont9165,lib/taskana-core-test/src/test/java/acceptance/ArchitectureTest.java,558,559,558,559
https://github.com/Taskana/taskana/commit/897b469aeb6f9d9dd17e2a2069ce574c10e5e4cb,Assertion Message,,,,Mont9165,lib/taskana-core-test/src/test/java/acceptance/ArchitectureTest.java,560,561,560,561
https://github.com/bootique/bootique/commit/798af649d2f09983ce73d06b74f09b67ed1b8ef1,Creation Method,,,,Mont9165,src/test/java/com/nhl/bootique/config/YamlConfigurationFactoryTest.java,61,71,39,50
https://github.com/bootique/bootique/commit/798af649d2f09983ce73d06b74f09b67ed1b8ef1,Creation Method,,,,Mont9165,src/test/java/com/nhl/bootique/config/YamlConfigurationFactoryTest.java,80,91,63,64
https://github.com/bootique/bootique/commit/798af649d2f09983ce73d06b74f09b67ed1b8ef1,Creation Method,,,,Mont9165,src/test/java/com/nhl/bootique/config/YamlConfigurationFactoryTest.java,100,110,72,73
https://github.com/bootique/bootique/commit/798af649d2f09983ce73d06b74f09b67ed1b8ef1,Creation Method,,,,Mont9165,src/test/java/com/nhl/bootique/config/YamlConfigurationFactoryTest.java,118,129,81,82
https://github.com/bootique/bootique/commit/798af649d2f09983ce73d06b74f09b67ed1b8ef1,Creation Method,,,,Mont9165,src/test/java/com/nhl/bootique/config/YamlConfigurationFactoryTest.java,147,157,89,90
https://github.com/bootique/bootique/commit/798af649d2f09983ce73d06b74f09b67ed1b8ef1,Creation Method,,,,Mont9165,src/test/java/com/nhl/bootique/config/YamlConfigurationFactoryTest.java,175,185,107,108
https://github.com/bootique/bootique/commit/798af649d2f09983ce73d06b74f09b67ed1b8ef1,Creation Method,,,,Mont9165,src/test/java/com/nhl/bootique/config/YamlConfigurationFactoryTest.java,194,205,125,126
https://github.com/bootique/bootique/commit/798af649d2f09983ce73d06b74f09b67ed1b8ef1,Creation Method,,,,Mont9165,src/test/java/com/nhl/bootique/config/YamlConfigurationFactoryTest.java,215,226,134,135
https://github.com/bootique/bootique/commit/798af649d2f09983ce73d06b74f09b67ed1b8ef1,Creation Method,,,,Mont9165,src/test/java/com/nhl/bootique/config/YamlConfigurationFactoryTest.java,244,256,145,146
https://github.com/bootique/bootique/commit/798af649d2f09983ce73d06b74f09b67ed1b8ef1,Creation Method,,,,Mont9165,src/test/java/com/nhl/bootique/config/YamlConfigurationFactoryTest.java,265,276,163,164
https://github.com/camunda/camunda/commit/2d2159118c4c85d0a5f0ad951558d2a90f84c9f3,Testcase Class,,,,Mont9165,engine/src/test/java/io/camunda/zeebe/engine/processing/processinstance/ModifyProcessInstanceTest.java,492,518,1,56
https://github.com/blackducksoftware/synopsys-detect/commit/238654e810ea9cf34d8bec2cac683d9cc5d3ebad,Lambdarize Method,,,,Mont9165,detectable/src/test/java/com/synopsys/integration/detectable/detectables/cpan/functional/CpanCliDetectableTest.java,71,85,69,70
https://github.com/GoSimpleLLC/nbvcxz/commit/b2cbc3abeb148fe6c07b96607cc143b8928c4808,Parameterized Test,,,,Mont9165,src/test/java/me/gosimple/nbvcxz/NbvcxzTest.java,39,77,38,52
https://github.com/GoSimpleLLC/nbvcxz/commit/b2cbc3abeb148fe6c07b96607cc143b8928c4808,Parameterized Test,,,,Mont9165,src/test/java/me/gosimple/nbvcxz/NbvcxzTest.java,93,188,68,102
https://github.com/restx/restx/commit/92bd155e239e44e73d42e8ceba1acd3d7e1d3929,Parameterized Test,,,,Mont9165,restx-core-annotation-processor/src/test/java/restx/annotations/processor/TypeHelperTest.java,14,26,39,40
https://github.com/unclebob/fitnesse/commit/5990a0de28106fce1c47be9c10060f215c89c6a6,Creation Method,,,,Mont9165,test/fit/FixtureTest.java,122,128,135,143
https://github.com/unclebob/fitnesse/commit/5990a0de28106fce1c47be9c10060f215c89c6a6,Creation Method,,,,Mont9165,test/fit/FixtureTest.java,132,134,129,130
https://github.com/unclebob/fitnesse/commit/5990a0de28106fce1c47be9c10060f215c89c6a6,Creation Method,,,,Mont9165,test/fit/FixtureTest.java,136,139,126,127
https://github.com/oskariorg/oskari-server/commit/62dd73e6c20fad1be85bd17d69e5d5a03db5204d,Inline Setup,,,,Mont9165,service-map/src/test/java/fi/nls/oskari/map/view/util/ViewHelperTest.java,111,115,51,52
https://github.com/oskariorg/oskari-server/commit/62dd73e6c20fad1be85bd17d69e5d5a03db5204d,Inline Setup,,,,Mont9165,service-map/src/test/java/fi/nls/oskari/map/view/util/ViewHelperTest.java,73,74,74,75
https://github.com/aaberg/sql2o/commit/e6a0781491c06b6a2ea52bd4ea97649497cbdf7a,Testcase SuperClass,,,,Mont9165,core/src/test/java/org/sql2o/Sql2oTest.java,38,83,1,64
https://github.com/bmwcarit/joynr/commit/fbc436acfaa6e7aeba393e8e33e93076779eae83,Creation Method,,,,Mont9165,java/core/libjoynr/src/test/java/io/joynr/capabilities/GlobalCapabilitiesDirectoryClientTest.java,108,116,108,109
https://github.com/bmwcarit/joynr/commit/fbc436acfaa6e7aeba393e8e33e93076779eae83,Implicit Setup,,,,Mont9165,java/core/libjoynr/src/test/java/io/joynr/capabilities/GlobalCapabilitiesDirectoryClientTest.java,117,124,116,120
https://github.com/tracecompass/tracecompass/commit/1d1befc592e6657ebc51d71380f49e7e9657cdfc,Assertion Message,,,,Mont9165,tmf/org.eclipse.tracecompass.tmf.ui.tests/src/org/eclipse/tracecompass/tmf/ui/tests/markers/ConfigurableMarkerEventSourceTest.java,250,255,250,256
https://github.com/tracecompass/tracecompass/commit/1d1befc592e6657ebc51d71380f49e7e9657cdfc,Assertion Message,,,,Mont9165,tmf/org.eclipse.tracecompass.tmf.ui.tests/src/org/eclipse/tracecompass/tmf/ui/tests/markers/PeriodicMarkerEventSourceTest.java,213,218,209,210
https://github.com/tracecompass/tracecompass/commit/1d1befc592e6657ebc51d71380f49e7e9657cdfc,Assertion Message,,,,Mont9165,tmf/org.eclipse.tracecompass.tmf.ui.tests/src/org/eclipse/tracecompass/tmf/ui/tests/markers/PeriodicMarkerEventSourceTest.java,209,210,213,219
https://github.com/tracecompass/tracecompass/commit/1d1befc592e6657ebc51d71380f49e7e9657cdfc,Cleanup Method,,,,Mont9165,tmf/org.eclipse.tracecompass.tmf.ui.tests/src/org/eclipse/tracecompass/tmf/ui/tests/markers/ConfigurableMarkerEventSourceTest.java,255,256,137,146
https://github.com/tracecompass/tracecompass/commit/1d1befc592e6657ebc51d71380f49e7e9657cdfc,Split Test Method,,,,Mont9165,tmf/org.eclipse.tracecompass.tmf.ui.tests/src/org/eclipse/tracecompass/tmf/ui/tests/markers/ConfigurableMarkerEventSourceTest.java,152,280,156,186
https://github.com/camunda/camunda/commit/a95a7b83a22259094916624d826c92853d4d181f,Custom Assertion,,,,Mont9165,engine/src/test/java/io/camunda/zeebe/engine/processing/processinstance/ModifyProcessInstanceTest.java,212,219,425,435
https://github.com/camunda/camunda/commit/a95a7b83a22259094916624d826c92853d4d181f,Custom Assertion,,,,Mont9165,engine/src/test/java/io/camunda/zeebe/engine/processing/processinstance/ModifyProcessInstanceTest.java,350,357,212,213
https://github.com/camunda/camunda/commit/a95a7b83a22259094916624d826c92853d4d181f,Custom Assertion,,,,Mont9165,engine/src/test/java/io/camunda/zeebe/engine/processing/processinstance/ModifyProcessInstanceTest.java,165,174,165,166
https://github.com/apache/directory-studio/commit/a1deb8718f10388bebb5fd42f47e58c4ef4d2b8c,Shared Fixture,,,,Mont9165,tests/test.integration.ui/src/main/java/org/apache/directory/studio/test/integration/ui/ValueEditorTest.java,70,72,62,63
https://github.com/apache/directory-studio/commit/a1deb8718f10388bebb5fd42f47e58c4ef4d2b8c,Shared Fixture,,,,Mont9165,tests/test.integration.ui/src/main/java/org/apache/directory/studio/test/integration/ui/ValueEditorTest.java,75,263,63,64
https://github.com/PixelExperience/frameworks_base/commit/35e0df59db72e90cce5f3488b2057c3e92e9b37a,Assertion Message,,,,Mont9165,packages/SettingsLib/tests/robotests/src/com/android/settingslib/MobileNetworkTypeIconsTest.java,50,51,50,51
https://github.com/tink-crypto/tink/commit/99e12731b8e1cf3007aa4b48b7a2a9b7356fa10d,Split Test Method,,,,Mont9165,java_src/src/test/java/com/google/crypto/tink/subtle/RewindableReadableByteChannelTest.java,336,384,335,348
https://github.com/tink-crypto/tink/commit/99e12731b8e1cf3007aa4b48b7a2a9b7356fa10d,Split Test Method,,,,Mont9165,java_src/src/test/java/com/google/crypto/tink/subtle/RewindableReadableByteChannelTest.java,377,450,374,388
https://github.com/NitorCreations/nflow/commit/93bfe876883757838d27e456572cca6fbce7a4ec,Custom Assertion,,,,Mont9165,nflow-tests/src/test/java/io/nflow/tests/BulkWorkflowTest.java,67,74,109,117
https://github.com/AICP/frameworks_base/commit/2fc27ebaec26afd1537499c972ddbaa724886817,Change Assertion Type,,,,Mont9165,services/tests/servicestests/src/com/android/server/pm/UserManagerTest.java,119,120,119,120
https://github.com/AICP/frameworks_base/commit/2fc27ebaec26afd1537499c972ddbaa724886817,Change Assertion Type,,,,Mont9165,services/tests/servicestests/src/com/android/server/pm/UserManagerTest.java,125,126,125,126
https://github.com/AICP/frameworks_base/commit/2fc27ebaec26afd1537499c972ddbaa724886817,Change Assertion Type,,,,Mont9165,services/tests/servicestests/src/com/android/server/pm/UserManagerTest.java,136,137,136,138
https://github.com/AICP/frameworks_base/commit/2fc27ebaec26afd1537499c972ddbaa724886817,Change Assertion Type,,,,Mont9165,services/tests/servicestests/src/com/android/server/pm/UserManagerTest.java,140,140,141,141
https://github.com/AICP/frameworks_base/commit/2fc27ebaec26afd1537499c972ddbaa724886817,Change Assertion Type,,,,Mont9165,services/tests/servicestests/src/com/android/server/pm/UserManagerTest.java,148,148,149,149
https://github.com/AICP/frameworks_base/commit/2fc27ebaec26afd1537499c972ddbaa724886817,Change Assertion Type,,,,Mont9165,services/tests/servicestests/src/com/android/server/pm/UserManagerTest.java,149,149,150,150
https://github.com/AICP/frameworks_base/commit/2fc27ebaec26afd1537499c972ddbaa724886817,Change Assertion Type,,,,Mont9165,services/tests/servicestests/src/com/android/server/pm/UserManagerTest.java,150,151,152,152
https://github.com/AICP/frameworks_base/commit/2fc27ebaec26afd1537499c972ddbaa724886817,Change Assertion Type,,,,Mont9165,services/tests/servicestests/src/com/android/server/pm/UserManagerTest.java,152,152,153,153
https://github.com/AICP/frameworks_base/commit/2fc27ebaec26afd1537499c972ddbaa724886817,Change Assertion Type,,,,Mont9165,services/tests/servicestests/src/com/android/server/pm/UserManagerTest.java,153,153,154,154
https://github.com/AICP/frameworks_base/commit/2fc27ebaec26afd1537499c972ddbaa724886817,Change Assertion Type,,,,Mont9165,services/tests/servicestests/src/com/android/server/pm/UserManagerTest.java,161,161,162,162
https://github.com/AICP/frameworks_base/commit/2fc27ebaec26afd1537499c972ddbaa724886817,Change Assertion Type,,,,Mont9165,services/tests/servicestests/src/com/android/server/pm/UserManagerTest.java,184,184,185,185
https://github.com/AICP/frameworks_base/commit/2fc27ebaec26afd1537499c972ddbaa724886817,Change Assertion Type,,,,Mont9165,services/tests/servicestests/src/com/android/server/pm/UserManagerTest.java,232,235,233,235
https://github.com/AICP/frameworks_base/commit/2fc27ebaec26afd1537499c972ddbaa724886817,Change Assertion Type,,,,Mont9165,services/tests/servicestests/src/com/android/server/pm/UserManagerTest.java,246,247,246,247
https://github.com/AICP/frameworks_base/commit/2fc27ebaec26afd1537499c972ddbaa724886817,Change Assertion Type,,,,Mont9165,services/tests/servicestests/src/com/android/server/pm/UserManagerTest.java,248,250,248,250
https://github.com/AICP/frameworks_base/commit/2fc27ebaec26afd1537499c972ddbaa724886817,Change Assertion Type,,,,Mont9165,services/tests/servicestests/src/com/android/server/pm/UserManagerTest.java,258,259,258,259
https://github.com/AICP/frameworks_base/commit/2fc27ebaec26afd1537499c972ddbaa724886817,Change Assertion Type,,,,Mont9165,services/tests/servicestests/src/com/android/server/pm/UserManagerTest.java,260,261,260,261
https://github.com/AICP/frameworks_base/commit/2fc27ebaec26afd1537499c972ddbaa724886817,Change Assertion Type,,,,Mont9165,services/tests/servicestests/src/com/android/server/pm/UserManagerTest.java,267,268,267,268
https://github.com/AICP/frameworks_base/commit/2fc27ebaec26afd1537499c972ddbaa724886817,Change Assertion Type,,,,Mont9165,services/tests/servicestests/src/com/android/server/pm/UserManagerTest.java,273,274,273,274
https://github.com/blackducksoftware/synopsys-detect/commit/8b024d4ea6d589e501ecc7ab7249dece2b56a0a0,Split Test Method,,,,Mont9165,detectable/src/test/java/com/synopsys/integration/detectable/detectables/npm/cli/unit/NpmDependencyTypeFilterTest.java,53,93,54,85
https://github.com/matteobaccan/owner/commit/109e8425e849896c2a5897575fa73dcbcd1dbaf3,Test Helper,,,,Mont9165,src/test/java/org/aeonbits/owner/UtilTest.java,74,74,79,81
https://github.com/PixelExperience/frameworks_base/commit/52cb2e1571107210d94666164641ddb95dbd4839,Mock Object,,,,Mont9165,tests/net/java/com/android/server/net/NetworkStatsServiceTest.java,198,199,187,200
